study_hours,attendance,tenth_marks,twelfth_marks,previous_marks,assignment_score,internship,projects,final_marks,placed
3,61,72,71,47,45,0,4,45.0,0
2,65,68,67,50,47,1,1,48.4,0
8,74,83,83,63,62,0,3,68.2,0
7,66,60,64,50,45,0,4,55.1,0
9,94,62,66,57,56,1,4,74.9,1
5,64,57,56,61,45,0,1,57.9,0
9,83,65,68,67,48,0,0,70.6,0
5,70,84,88,63,66,0,4,61.0,0
2,74,57,59,45,45,1,4,49.8,0
9,85,84,80,73,50,1,4,75.1,1
8,97,80,83,69,51,0,0,75.1,0
4,70,82,76,59,46,0,3,56.0,0
2,67,89,89,71,60,0,2,56.9,0
6,92,66,74,52,63,0,4,65.8,0
4,94,88,80,69,56,0,0,68.5,0
6,75,58,57,59,66,1,3,65.5,1
4,68,85,82,58,49,0,3,60.8,1
5,79,80,83,67,69,0,0,62.9,0
2,97,90,89,66,52,1,0,56.8,1
7,64,87,86,70,60,0,4,64.3,1
9,75,85,90,75,48,1,3,72.1,1
2,66,58,62,53,45,0,0,45.0,0
9,68,82,79,72,55,1,0,70.3,0
3,63,89,81,50,57,0,1,48.4,0
5,85,58,55,49,45,0,2,59.2,0
6,87,90,97,67,49,1,0,67.6,0
7,63,58,65,63,64,0,1,58.6,0
4,64,93,87,75,69,1,0,68.0,0
2,65,81,89,55,60,0,2,49.8,0
6,89,75,69,50,48,0,4,65.9,0
5,92,71,67,56,66,1,1,61.6,0
6,93,55,56,61,45,0,1,59.2,0
4,77,73,71,65,50,1,2,58.4,0
2,65,95,98,60,45,1,1,53.3,0
9,95,82,74,66,47,0,1,73.1,0
4,87,63,56,45,45,0,0,55.6,0
5,66,77,82,70,63,1,1,66.6,1
4,86,56,53,56,66,0,3,61.7,0
5,77,65,60,53,60,1,3,55.4,1
9,82,74,73,67,45,0,3,68.7,1
6,82,87,91,81,76,0,0,70.3,0
4,97,71,64,45,53,0,2,55.7,0
3,84,91,89,59,45,0,0,56.4,0
5,83,82,76,72,74,0,2,70.3,0
6,92,74,79,63,54,0,4,63.1,0
8,71,94,95,82,64,0,2,73.7,0
7,89,83,89,83,58,0,1,76.5,0
7,65,70,71,59,58,1,0,57.3,0
3,89,81,79,67,66,0,3,60.4,0
2,66,82,81,48,52,0,4,48.9,0
3,89,63,69,58,55,0,4,55.5,0
9,92,82,88,73,71,0,3,77.5,0
6,93,86,85,66,58,1,2,66.2,0
3,68,64,63,47,49,1,1,45.0,0
9,86,58,56,63,53,0,4,74.4,0
8,90,55,58,56,62,1,3,68.2,1
5,91,69,69,58,54,1,2,63.2,1
4,89,63,55,47,51,0,0,49.4,0
9,71,58,58,63,47,1,2,64.0,0
6,86,71,65,62,45,0,0,66.5,0
3,62,56,55,45,51,1,1,45.0,0
3,96,68,74,62,51,0,1,59.7,0
3,70,74,69,58,45,0,4,54.3,1
8,72,59,58,51,53,0,4,65.1,0
2,82,89,94,70,55,1,2,54.5,0
9,66,82,85,87,77,0,1,78.8,0
6,94,85,91,73,74,0,2,72.5,0
3,77,83,82,71,57,0,3,58.9,0
7,71,86,84,72,67,1,2,74.1,1
6,95,55,63,49,45,1,3,59.5,1
9,91,83,75,65,52,1,1,70.7,0
9,95,88,91,83,77,0,2,86.5,0
6,74,62,60,53,45,0,1,53.4,0
6,97,88,89,63,69,1,1,69.4,0
4,77,57,50,49,45,0,1,51.9,0
3,60,91,92,67,51,0,1,60.4,0
9,67,59,63,68,45,0,0,62.3,0
6,65,70,65,64,60,0,4,65.1,0
8,88,83,84,81,64,1,4,73.6,1
3,73,95,93,61,57,1,1,54.4,0
2,86,83,90,55,45,1,2,55.6,0
5,76,95,93,73,47,0,1,68.3,0
3,63,65,66,55,54,0,2,50.3,0
6,85,72,80,70,59,0,4,63.8,0
7,98,71,63,52,45,0,4,65.0,0
6,96,57,54,55,55,0,2,59.3,0
9,65,85,88,81,55,1,0,77.2,0
9,78,80,73,76,48,1,2,68.8,1
2,94,84,89,47,45,0,4,55.9,1
2,73,72,68,45,45,0,3,45.0,0
5,70,74,66,62,49,1,0,57.0,0
4,91,73,81,69,53,0,3,68.3,0
4,84,67,75,66,70,1,0,60.7,0
8,81,87,87,65,50,0,4,70.9,1
4,88,89,96,67,53,0,4,63.2,1
5,75,91,95,67,67,0,0,63.8,0
8,84,64,71,55,45,0,4,63.3,0
9,66,88,94,71,63,1,1,69.0,1
6,81,94,98,85,54,0,4,71.9,1
9,94,57,51,55,58,0,2,74.0,0
